ID_LANCAMENTO|DT_LANCAMENTO|VL_LANCAMENTO|CD_CENTRO_CUSTO|NM_FORNECEDOR|NR_CPF_CNPJ|DS_HISTORICO|CD_STATUS
1001|2024-01-05|1500.00|CC001|Fornecedor Alpha Ltda|12.345.678/0001-90|Pagamento de serviços de TI|APROVADO
1002|2024-01-08|320.50|CC002|Maria Silva Santos|123.456.789-01|Reembolso de despesas de viagem|PENDENTE
1003|2024-01-10|8750.00|CC003|Construtora Beta S.A.|98.765.432/0001-11|Pagamento de obra civil - parcela 1|APROVADO
1004|2024-01-12|450.75|CC001|Papelaria Central Ltda|45.678.901/0001-22|Compra de materiais de escritório|APROVADO
1005|2024-01-15|2300.00|CC004|Seguradora Omega S.A.|33.221.100/0001-44|Pagamento de apólice de seguro|PENDENTE
1006|2024-01-18|980.00|CC002|Carlos Eduardo Lima|987.654.321-09|Prestação de serviços de consultoria|APROVADO
1007|2024-01-20|15000.00|CC005|Tech Solutions Brasil|77.654.321/0001-55|Licença de software anual|APROVADO
1008|2024-01-22|600.00|CC003|Limpeza Total Ltda|22.333.444/0001-66|Serviços de limpeza - janeiro|APROVADO
1009|2024-01-25|3400.00|CC001|Gráfica Express Ltda|55.444.333/0001-77|Impressão de materiais gráficos|CANCELADO
1010|2024-01-28|125.30|CC006|Ana Paula Ferreira|321.654.987-02|Reembolso de estacionamento|PENDENTE
1011|2024-02-02|7800.00|CC004|Distribuidora Norte Ltda|88.999.000/0001-33|Compra de equipamentos de escritório|APROVADO
1012|2024-02-05|540.00|CC002|Redes & Cia Ltda|66.777.888/0001-99|Manutenção de infraestrutura de rede|APROVADO
1013|2024-02-07|2100.00|CC005|João Roberto Mendes|456.789.012-03|Consultoria em gestão financeira|PENDENTE
1014|2024-02-10|390.00|CC003|Águas Claras Serviços|11.222.333/0001-44|Fornecimento de água mineral|APROVADO
1015|2024-02-13|5500.00|CC001|InfoTech Sistemas Ltda|44.555.666/0001-55|Desenvolvimento de sistema - fase 2|APROVADO
1016|2024-02-15|760.00|CC006|Fernanda Costa Souza|654.321.098-04|Serviços de tradução|CANCELADO
1017|2024-02-18|12000.00|CC004|Imobiliária Sol Ltda|99.888.777/0001-22|Aluguel de imóvel comercial - fevereiro|APROVADO
1018|2024-02-20|280.90|CC002|Restaurante Sabor Bom|33.444.555/0001-11|Almoço para reunião de diretoria|APROVADO
1019|2024-02-22|4600.00|CC005|Agência Criativa Ltda|77.888.999/0001-00|Campanha publicitária digital|PENDENTE
1020|2024-02-25|1200.00|CC003|LogiTrans Transporte Ltda|22.111.000/0001-88|Frete e logística - fevereiro|APROVADO
1021|2024-03-01|950.00|CC001|Elétrica Potência Ltda|55.666.777/0001-11|Manutenção elétrica preventiva|APROVADO
1022|2024-03-04|6700.00|CC005|DataCenter Cloud S.A.|88.777.666/0001-55|Hospedagem em nuvem - trimestre 1|APROVADO
1023|2024-03-06|180.00|CC002|Pedro Augusto Nunes|789.012.345-05|Reembolso de táxi|PENDENTE
1024|2024-03-08|3200.00|CC004|RH Talentos Ltda|11.000.999/0001-77|Recrutamento e seleção|APROVADO
1025|2024-03-11|850.00|CC006|Livraria do Saber Ltda|44.333.222/0001-88|Compra de livros técnicos|APROVADO
1026|2024-03-13|21000.00|CC003|Construtora Beta S.A.|98.765.432/0001-11|Pagamento de obra civil - parcela 2|CANCELADO
1027|2024-03-15|475.00|CC001|Café & Conveniência Ltda|77.000.111/0001-99|Fornecimento de café e lanches|APROVADO
1028|2024-03-18|9300.00|CC005|Fornecedor Alpha Ltda|12.345.678/0001-90|Projeto de transformação digital|APROVADO
1029|2024-03-20|640.00|CC002|Luciana Matos Pereira|012.345.678-06|Serviços de arquivamento|PENDENTE
1030|2024-03-22|1800.00|CC004|Segurança Plus Ltda|33.122.011/0001-44|Monitoramento de segurança - março|APROVADO
1031|2024-03-25|500.00|CC006|Renato Alves Cardoso|234.567.890-07|Palestra de motivação corporativa|APROVADO
1032|2024-03-28|4400.00|CC001|Mobília Corporativa Ltda|66.055.044/0001-33|Compra de mobiliário para escritório|CANCELADO
1033|2024-04-02|2700.00|CC003|Jardinagem Verde Ltda|99.066.077/0001-22|Serviços de jardinagem trimestral|APROVADO
1034|2024-04-05|310.00|CC002|Bianca Rodrigues Melo|345.678.901-08|Reembolso de material de apresentação|PENDENTE
1035|2024-04-08|18500.00|CC005|Tech Solutions Brasil|77.654.321/0001-55|Implementação de ERP - módulo financeiro|APROVADO
1036|2024-04-10|730.00|CC004|Telecomunica Brasil|55.044.033/0001-66|Plano corporativo de telefonia|APROVADO
1037|2024-04-12|1100.00|CC001|Agência de Viagens Voar|22.033.022/0001-55|Passagens aéreas - equipe comercial|APROVADO
1038|2024-04-15|4900.00|CC006|Auditoria Fiscal S.A.|88.022.011/0001-44|Serviços de auditoria contábil|PENDENTE
1039|2024-04-18|670.00|CC003|Climatizar Ar Ltda|11.011.000/0001-33|Manutenção de ar-condicionado|APROVADO
1040|2024-04-20|2500.00|CC002|Marcelo Vieira Santos|456.789.123-09|Desenvolvimento de treinamento|CANCELADO
1041|2024-04-22|800.00|CC001|Copiadoras & Suprimentos|44.022.033/0001-22|Suprimentos para impressoras|APROVADO
1042|2024-04-25|13500.00|CC004|Construtora Beta S.A.|98.765.432/0001-11|Pagamento de obra civil - parcela 3|APROVADO
1043|2024-04-28|220.00|CC005|Isabela Nunes Faria|567.890.234-10|Reembolso de material de treinamento|PENDENTE
1044|2024-05-02|3600.00|CC003|Gestão & Processos Ltda|77.033.044/0001-11|Consultoria em processos administrativos|APROVADO
1045|2024-05-05|1450.00|CC006|Fornecedor Alpha Ltda|12.345.678/0001-90|Suporte técnico especializado|APROVADO
1046|2024-05-08|560.00|CC002|Eventos Corporativos Ltda|55.066.077/0001-00|Organização de confraternização|CANCELADO
1047|2024-05-10|9800.00|CC001|DataCenter Cloud S.A.|88.777.666/0001-55|Migração de dados para nuvem|APROVADO
1048|2024-05-13|340.00|CC004|Guilherme Torres Lima|678.901.345-11|Serviços de suporte presencial|PENDENTE
1049|2024-05-15|6200.00|CC005|InfoTech Sistemas Ltda|44.555.666/0001-55|Desenvolvimento de API integradora|APROVADO
1050|2024-05-18|1750.00|CC003|LogiTrans Transporte Ltda|22.111.000/0001-88|Frete e logística - maio|APROVADO